request_idx,input_tokens,output_tokens,prefill_time_ms,decode_time_ms,prompt_preview,output_preview
0,7,101,302.7069568634033,1393.620252609253,Give three tips for staying healthy.," 1. Eat a balanced diet rich in fruits, vegetables, whole grains, lean proteins,"
1,7,128,20.529747009277344,1746.523141860962,What are the three primary colors?," What are the three secondary colors? What are the three tertiary colors?

The t"
2,7,128,18.622398376464844,1743.5331344604492,Describe the structure of an atom.," Include the subatomic particles, their charges, and their locations within the "
3,7,128,18.693923950195312,1761.711597442627,How can we reduce air pollution?, What are the main sources of air pollution? What are the health effects of air 
4,12,128,18.833160400390625,1749.7217655181885,Describe a time when you had to make a difficult decision.," What was the decision, and what factors influenced your choice? How did you han"
5,12,128,19.446611404418945,1751.1529922485352,"Identify the odd one out.
Twitter, Instagram, Telegram",", WhatsApp

The odd one out is **Telegram**.

**Reasoning:**
- **Twitter**, **In"
6,18,128,21.083831787109375,1769.6869373321533,"Explain why the following fraction is equivalent to 1/4
4/16","

To determine why the fraction \( \frac{4}{16} \) is equivalent to \( \frac{1}{"
7,20,128,20.798444747924805,1753.4704208374023,Write a short story in third person narration about a protagonist who has to mak, The story should include a detailed description of the protagonist's surroundin
8,9,128,19.251346588134766,1768.3708667755127,Render a 3D model of a house," with a red roof and a blue door.

We are going to create a simple 3D model of a"
9,21,128,19.621849060058594,1762.730360031128,"Evaluate this sentence for spelling and grammar mistakes
He finnished his meal a",".

The sentence contains several spelling and grammar errors. Here is the correc"
10,6,128,19.703388214111328,1768.9595222473145,How did Julius Caesar die?," Julius Caesar died by **assassination**. On the Ides of March (March 15), 44 BC"
11,7,128,17.601490020751953,1731.2312126159668,What is the capital of France?," The capital of France is Paris. It is a major cultural, economic, and political"
12,14,128,18.815040588378906,1759.4194412231445,Generate a list of ten items a person might need for a camping trip,".

1. Tent  
2. Sleeping bag  
3. Sleeping pad or air mattress  
4. Headlamp or "
13,7,128,19.01102066040039,1747.4942207336426,Discuss the causes of the Great Depression,", and how it affected the global economy.

The Great Depression was a severe wor"
14,19,128,19.5772647857666,1745.4369068145752,"Classify the following into animals, plants, and minerals
Oak tree, copper ore, ",", gold, rose, iron ore, human, coral, salt, fern

Here is the classification of "
15,11,128,19.00959014892578,1743.0410385131836,Explain the use of word embeddings in Natural Language Processing," (NLP), and how they help in representing text data.

Word embeddings are a type"
16,7,128,18.9208984375,1738.555908203125,Describe the function of a computer motherboard,".

The **motherboard** is the central component of a computer system that connec"
17,39,128,19.044160842895508,1722.9132652282715,"Reverse engineer this code to create a new version
def factorialize(num):
  fact","

# This function is broken. Fix it.

# The function is broken because it only i"
18,11,128,18.371105194091797,1723.3002185821533,Propose an ethical solution to the problem of data privacy," in the digital age.

An ethical solution to the problem of data privacy in the "
19,12,128,18.499374389648438,1748.1391429901123,"Generate three verbs that mean the same as ""to apologize"""," and provide a synonym for each.

Certainly! Here are three verbs that mean the "
20,6,128,19.11473274230957,1737.3015880584717,What does DNA stand for?, What is the structure of DNA? What are the four nitrogenous bases in DNA? How d
21,12,128,19.246816635131836,1767.5223350524902,Compare and contrast the Cuban Missile Crisis and the Vietnam War.," What were the key differences and similarities between these two events?

The C"
22,7,128,20.28632164001465,1758.2082748413086,Generate a list of random words.," Here is a list of 10 random words: 

1. Quibble  
2. Glimmer  
3. Mirth  
4. Ze"
23,13,128,18.91303062438965,1769.7076797485352,"Transcribe the recording into text.
Recording about the history of Waterloo",", Belgium, and the Battle of Waterloo.

[00:00:00] Welcome to the history of Wat"
24,9,128,19.334077835083008,1758.4202289581299,Who is the world's most famous painter?," The title of the ""world's most famous painter"" can vary depending on cultural c"
25,9,128,17.31395721435547,1733.3662509918213,Explain the concept of cogging torque.," Cogging torque is a phenomenon observed in electric motors, particularly in per"
26,8,128,17.75813102722168,1753.352165222168,Look up the boiling point of water.," What is the boiling point of water in degrees Celsius and degrees Fahrenheit?

"
27,10,128,17.940282821655273,1747.2667694091797,Describe the life and reign of King Charles II.," King Charles II of England (1630–1685) was the monarch of England, Scotland, an"
28,14,128,19.0427303314209,1766.974687576294,"Find the area of a circle given its radius.
Radius = 4"," cm

To find the area of a circle given its radius, we use the formula:

$$
A = "
29,13,128,17.646074295043945,1757.552146911621,Identify the lines of longitude that divides North and South America.," Also, identify the lines of longitude that divide the Eastern and Western Hemis"
