phase,num_samples,duration_s,energy_j,power_avg_w,power_p95_w,power_peak_w,power_min_w
idle_mid,3157,32.492563,2145.708629,67.621035,98.429,584.364,8.501
idle_post,3001,29.995407,1771.128949,59.069014,99.095,300.521,8.488
idle_pre,3396,34.296666,1850.5751,54.059261,79.103,79.749,8.493
inference,2,0.023904,0.232989,9.747,9.747,9.747,9.747
inference_decode,107015,1070.147116,312968.17414,292.453513,318.376,321.753,9.747
inference_idle,11435,114.369481,34456.13041,301.270791,319.121,321.753,194.694
inference_prefill,1692,16.90801,5006.049387,296.075984,318.918,321.753,9.747
train,55309,553.260054,320934.028216,580.073577,583.671,584.743,78.058
validation,9,0.091522,53.356903,583.028778,584.364,584.364,581.156
