timestamp_ms,power_w,phase
0.3316750517114997,57.931,idle_pre
1040.416044997983,57.829,idle_pre
2080.4317250149325,57.531,idle_pre
3120.451885042712,57.321,idle_pre
4160.399871994741,57.264,idle_pre
5200.4127780674025,57.394,idle_pre
6240.411853999831,57.397,idle_pre
7280.450518010184,57.237,idle_pre
8320.4784700647,57.3,idle_pre
9360.471657011658,57.36,idle_pre
10400.476481067017,57.298,idle_pre
11440.469232038597,57.517,idle_pre
12480.474052019415,57.572,idle_pre
13520.399933098815,57.2,idle_pre
14560.4032271076,57.5,idle_pre
15600.40849808138,57.415,idle_pre
16640.454570995644,57.32,idle_pre
17680.407499079593,57.364,idle_pre
18720.462741097435,57.322,idle_pre
19760.45670302119,57.403,idle_pre
20800.40780606214,57.195,idle_pre
21840.39980208036,56.964,idle_pre
22880.39959408343,57.008,idle_pre
23920.401984010823,57.074,idle_pre
24960.402426077053,57.155,idle_pre
26000.399626092985,57.261,idle_pre
27040.43098399416,57.264,idle_pre
28080.39954805281,57.174,idle_pre
29120.40577107109,56.942,idle_pre
30160.393743077293,57.041,idle_pre
31370.00928504858,57.263,idle_pre
32409.86240108032,57.314,idle_pre
33449.82277008239,57.394,idle_pre
34564.82923508156,87.581,train
35604.79514906183,288.283,train
36644.79469705839,290.593,train
37684.7941800952,289.526,train
38724.79425999336,297.307,train
39764.79407702573,296.94,train
40804.78958901949,296.772,train
41844.83220602851,298.449,train
42884.79635608383,296.719,train
43924.83116709627,298.184,train
44964.831572026014,297.008,train
46004.83150710352,297.924,train
47044.7970260866,296.846,train
48084.79542599525,297.638,train
49124.7981491033,297.616,train
50164.799829013646,296.661,train
51204.804065055214,297.929,train
52244.79788809549,296.521,train
53284.79678905569,297.009,train
54324.83206002507,296.795,train
55364.81974006165,296.934,train
56404.79739301372,297.385,train
57444.80468600523,297.134,train
58484.80333003681,297.798,train
59524.79708800092,297.847,train
60564.83167700935,298.167,train
61604.83190009836,296.867,train
62644.83112702146,297.191,train
63684.83190401457,296.932,train
64724.83148006722,297.789,train
65764.83166206162,296.771,train
66804.83227106743,298.59,train
67844.83179508243,296.175,train
68884.83168301173,297.552,train
69924.83321600594,297.207,train
70964.83202802483,297.348,train
72004.8319400521,298.046,train
73044.80408807285,296.748,train
74084.83229007106,298.502,train
75124.79678308591,298.247,train
76164.83245510608,297.264,train
77204.8417479964,297.284,train
78244.805303053,297.341,train
79284.80298700742,297.177,train
80324.79543203954,296.853,train
81364.83129602857,298.614,train
82404.8319630092,297.048,train
83444.79773100466,297.708,train
84484.83120102901,298.864,train
85524.79143603705,295.423,train
86564.79607499205,298.764,train
87604.79733604006,297.645,train
88644.83142399695,297.098,train
89684.83275210019,298.349,train
90724.80407904368,296.847,train
91764.8313640384,297.836,train
92804.83264708892,298.066,train
93844.7974730516,297.741,train
94884.7975380486,298.122,train
95924.83173310757,296.415,train
96964.80341802815,297.762,train
98004.80458699168,297.455,train
99044.83470506966,298.558,train
100084.83208203688,298.224,train
101124.8317710124,297.28,train
102164.83106999658,298.73,train
103204.83225700444,296.121,train
104244.8037849972,298.271,train
105284.8311130656,298.035,train
106324.83118004166,297.494,train
107364.8321290966,298.251,train
108404.8674950609,297.024,train
109444.83155710624,298.878,train
110484.83199405018,298.713,train
111524.79594806208,296.548,train
112564.87825408112,297.062,train
113604.79635000227,298.275,train
114644.7969400324,296.513,train
115684.7963980399,297.726,train
116724.83164002188,297.293,train
117764.7963570198,298.803,train
118804.83264406212,297.397,train
119844.8116260115,297.31,train
120884.8321280675,298.168,train
121924.80376909953,298.324,train
122964.79631506372,298.752,train
124004.80341806542,297.361,train
125044.83207501472,297.421,train
126084.80264502576,298.244,train
127124.83230803628,297.225,train
128164.83227303252,298.325,train
129204.8319830792,297.187,train
130244.79636806063,298.135,train
131284.80376803782,297.46,train
132324.7976161074,297.368,train
133364.8028119933,298.468,train
134404.79759906884,297.137,train
135444.79717803188,297.139,train
136484.83278905042,297.142,train
137524.8311700998,298.019,train
138564.79577405844,297.844,train
139604.798539076,298.399,train
140644.8321910575,297.521,train
141684.83203707729,297.596,train
142724.87128409557,296.902,train
143764.83110303525,297.392,train
144804.83229306992,298.548,train
145844.83191301115,299.425,train
146884.83191700652,296.26,train
147924.83249807265,299.113,train
148964.8044980131,298.235,train
150004.83206601348,297.822,train
151044.79806800373,297.647,train
152084.7966640722,298.731,train
153124.83186810277,298.743,train
154164.8316869978,297.252,train
155204.83177702408,299.783,train
156244.80406800285,296.607,train
157284.83242506627,297.255,train
158324.83331405092,298.027,train
159364.8340300424,298.333,train
160404.79785308708,297.517,train
161444.79976501316,299.192,train
162484.80100010056,297.404,train
163524.83311109245,298.36,train
164564.83325501904,298.167,train
165604.79680704884,298.066,train
166644.83278500848,298.602,train
167684.8318510456,297.3,train
168724.8308560811,297.738,train
169764.83221701346,298.422,train
170804.7958620591,298.934,train
171844.80376902502,297.936,train
172884.83130710665,297.156,train
173924.83201809227,297.732,train
174964.83287599403,297.253,train
176185.89682807215,298.033,train
177225.86717107333,270.237,train
178265.8684460912,297.106,train
179305.86123408284,297.779,train
180345.86042608132,297.16,train
181385.86126000155,298.962,train
182425.86704308636,297.641,train
183465.8610440092,298.068,train
184505.89665409643,297.771,train
185545.867398032,298.513,train
186585.8622631058,298.94,train
187625.9006410837,297.865,train
188665.8966470277,298.229,train
189705.86675708185,298.583,train
190745.89479202405,298.944,train
191785.895244102,297.64,train
192825.8614190854,297.414,train
193865.8606800018,297.523,train
194905.86319600695,297.823,train
195945.8603280364,298.379,train
196985.89602508585,298.876,train
198025.8963960223,298.113,train
199065.8721950604,298.854,train
200105.8606470469,297.332,train
201145.89555410203,298.084,train
202185.8679431025,298.333,train
203225.89839203283,297.016,train
204265.85991308093,298.574,train
205305.86732702795,299.667,train
206345.86861310527,297.802,train
207385.89671906084,297.546,train
208425.88966805488,297.695,train
209465.89629002847,297.496,train
210505.8956220746,297.432,train
211545.89629999828,298.475,train
212585.89533902705,297.232,train
213625.8612970123,297.889,train
214665.85922904775,298.194,train
215705.866123084,295.663,train
216745.86045905016,298.215,train
217785.8967060456,297.658,train
218825.89571608696,297.36,train
219865.85929605644,298.608,train
220905.85930400997,297.672,train
221945.89532609095,297.811,train
222985.89517001528,298.374,train
224025.8650060277,296.265,train
225065.8999721054,298.027,train
226105.867721024,297.49,train
227145.8607790992,296.925,train
228185.86758209855,297.984,train
229225.8960490581,298.576,train
230265.8953460632,297.471,train
231305.86060904895,297.717,train
232345.87661304977,297.529,train
233385.89674804825,298.545,train
234425.867326092,297.913,train
235465.86100303105,298.572,train
236505.89658506212,298.099,train
237545.89644807857,297.392,train
238585.89672204107,297.364,train
239625.89552102145,299.048,train
240665.8958540065,298.323,train
241705.896205036,298.958,train
242745.8672840148,296.773,train
243785.8590860851,298.535,train
244825.89500700124,297.072,train
245865.85931305308,298.602,train
246905.8944430435,297.338,train
247945.8967790706,297.593,train
248985.85975309837,298.204,train
250025.85848001763,297.849,train
251065.8947220072,296.164,train
252105.89552903548,297.718,train
253145.896335016,298.259,train
254185.8953690389,298.051,train
255225.89586908,297.207,train
256265.8970881021,298.727,train
257305.8606790146,298.132,train
258345.86749004663,299.721,train
259385.86113404017,298.173,train
260425.88952404915,297.885,train
261465.89598502032,298.49,train
262505.8964630589,297.465,train
263545.895485091,297.376,train
264585.89688607026,298.824,train
265625.89680799283,298.753,train
266665.8962430665,297.486,train
267705.8958540438,297.74,train
268745.89565605856,298.628,train
269785.8945610933,297.213,train
270825.8961871033,298.094,train
271865.8607190009,298.589,train
272905.89740208816,297.735,train
273945.8956840681,298.712,train
274985.86132307537,298.911,train
276025.86769207846,299.667,train
277065.89594099205,298.363,train
278105.8949860744,298.654,train
279145.89639601763,297.52,train
280185.867178021,297.209,train
281225.89601401705,297.3,train
282265.8949730685,297.514,train
283305.8603440877,297.293,train
284345.8605520427,298.667,train
285385.89702604804,298.708,train
286425.8979620645,297.542,train
287465.8959200606,298.576,train
288505.8965010103,298.021,train
289545.8962440025,297.875,train
290585.8959930483,297.33,train
291625.8956270758,298.502,train
292665.8964420203,298.651,train
293705.8959970018,298.635,train
294745.8675900707,298.369,train
295785.862638033,296.872,train
296825.8950660238,297.939,train
297865.8954650164,297.164,train
298905.8597460389,297.79,train
299945.8954920992,290.637,train
300985.8918270329,298.872,train
302025.8615380153,298.71,train
303065.8598240698,298.834,train
304105.8671880746,297.175,train
305145.8687230479,298.719,train
306185.8678350691,297.423,train
307225.89515906293,299.191,train
308265.8685060451,297.565,train
309305.8955511078,298.003,train
310345.8612430841,298.977,train
311385.8961510705,296.928,train
312425.8784510894,298.787,train
313465.8952340251,298.959,train
314505.861112033,297.296,train
315545.8678450668,299.877,train
316585.89943905827,298.26,train
317625.8959530387,298.527,train
318665.8961910289,299.498,train
319705.8677430032,298.593,train
320745.8600710379,298.508,train
321785.8692880254,298.909,train
322825.8698571008,297.517,train
323865.90247706044,297.786,train
324905.9005250456,299.19,train
325945.8689310122,297.774,train
326985.89724709745,297.843,train
328025.863186107,299.071,train
329065.89760410134,297.987,train
330105.8678840054,297.464,train
331145.8703050157,298.486,train
332185.86777104065,296.944,train
333225.8955040015,297.644,train
334265.8950770274,298.706,train
335305.867531104,298.795,train
336345.86101502646,297.922,train
337385.8951590955,298.514,train
338425.89635704644,298.678,train
339465.89659003075,297.414,train
340505.8973280248,298.174,train
341545.8960860269,297.387,train
342585.8954580035,299.009,train
343625.8953270735,298.206,train
344665.8962960355,298.478,train
345705.8965760516,298.575,train
346745.86767703295,298.139,train
347785.86031508166,298.099,train
348825.89731703047,298.282,train
349865.86167500354,297.214,train
350905.86322010495,299.169,train
351945.86143409833,298.171,train
352985.89689307846,298.802,train
354025.8983360836,298.612,train
355065.8604860073,297.0,train
356105.8950520819,298.594,train
357145.89846506715,297.458,train
358185.9030080959,298.247,train
359225.8963410277,297.966,train
360265.8600960858,297.861,train
361305.860688095,299.109,train
362345.8602180472,298.514,train
363385.8673850773,298.925,train
364425.8791820612,297.231,train
365465.8619191032,298.583,train
366505.8613390429,298.432,train
367545.8675260888,297.448,train
368585.89608001057,299.269,train
369625.8956550155,298.968,train
370665.89597507846,297.576,train
371705.8667570818,298.522,train
372745.8956860937,299.459,train
373785.8965980122,298.219,train
374825.8962550899,298.01,train
375865.8602320356,297.081,train
376905.8954510838,298.4,train
377945.8595931064,297.693,train
378985.8674260322,298.375,train
380025.8616870269,298.933,train
381065.9316520905,298.554,train
382105.8961650124,297.161,train
383145.8959880984,299.01,train
384185.895219096,298.948,train
385225.86635209154,298.369,train
386265.8957330277,298.183,train
387305.8959430782,299.18,train
388345.88876808994,298.401,train
389385.8961740043,298.23,train
390425.868639024,297.993,train
391465.8613030333,298.885,train
392505.89554803446,298.873,train
393545.8679180592,298.128,train
394585.89608303737,298.579,train
395625.85999502335,297.403,train
396665.89595901314,299.412,train
397705.8673650026,298.838,train
398745.86031306535,299.561,train
399785.8677280601,298.396,train
400825.8958531078,297.397,train
401865.8962730551,298.931,train
402905.8954160428,298.028,train
403945.9010970313,299.244,train
404985.896083992,299.504,train
406025.86777100805,299.188,train
407065.8701830544,297.806,train
408105.8742690366,297.665,train
409145.89699101634,299.009,train
410185.8973330818,297.437,train
411225.86268302985,298.683,train
412265.8974661026,297.756,train
413305.8607970597,299.097,train
414345.8997970447,297.888,train
415385.8962410595,299.737,train
416425.8789831074,299.699,train
417465.8962890972,299.984,train
418505.8951390674,298.285,train
419545.8955040667,298.349,train
420585.8609960415,298.12,train
421625.86062110495,298.343,train
422665.895812097,297.589,train
423705.8960070135,298.84,train
424745.8599919919,299.157,train
425785.8954570256,299.078,train
426825.8959350642,297.432,train
427865.8967760857,299.046,train
428905.89626610745,297.287,train
429945.86701109074,298.32,train
430985.8617450809,297.744,train
432025.8675180376,299.078,train
433065.89682702906,298.124,train
434105.8975131018,299.06,train
435145.8602329949,297.28,train
436185.896223993,297.991,train
437225.89717805386,299.222,train
438265.8606719924,298.111,train
439305.86735904217,298.212,train
440345.8908710163,298.417,train
441385.8958201017,298.979,train
442426.3132630149,297.631,train
443465.8628950128,299.316,train
444505.8957959991,298.669,train
445545.86153803393,299.042,train
446585.89534205385,297.733,train
447625.8612300735,297.992,train
448665.89585808106,298.107,train
449705.8689850383,299.343,train
450745.86073309183,299.107,train
451785.8682430815,299.677,train
452825.8965020068,299.083,train
453865.8972020494,298.604,train
454905.8958690148,298.86,train
455945.86649909616,298.198,train
456985.8963030856,299.288,train
458025.8613970364,298.549,train
459065.862959018,299.088,train
460105.86079908535,298.145,train
461145.8966610953,297.581,train
462185.89650304057,299.338,train
463225.8605750976,298.892,train
464265.9011160722,298.687,train
465305.8962310897,298.513,train
466345.8966560429,299.234,train
467385.8954940224,297.681,train
468425.8789260639,297.983,train
469465.8596060472,299.131,train
470505.8942020405,299.241,train
471545.89419905096,298.348,train
472585.86063503753,298.045,train
473625.86048804224,298.154,train
474665.8538799966,298.474,train
475705.8892570203,298.169,train
476745.8938320633,298.137,train
477785.859003081,298.8,train
478825.895982096,298.007,train
479865.8949690871,298.916,train
480905.8963330463,299.125,train
481945.8958361065,298.035,train
482985.8979400015,298.922,train
484025.8675410878,298.008,train
485065.8679610351,298.554,train
486105.86264706217,299.398,train
487145.8618380129,299.689,train
488185.8587430325,299.602,train
489225.8945190115,299.589,train
490265.89534501545,298.245,train
491305.85881508887,297.835,train
492345.8897650708,299.332,train
493385.859481059,298.018,train
494425.8594730636,297.574,train
495465.9068490146,299.288,train
496505.8685390977,298.89,train
497545.8615280222,297.393,train
498585.8962920029,297.249,train
499625.86751102936,298.104,train
500665.8957720501,297.702,train
501705.89634100907,299.119,train
502745.8947610576,298.12,train
503785.8957319986,297.811,train
504825.8962410037,300.025,train
505865.894719027,296.766,train
506905.8962170966,298.78,train
507945.89662901126,298.888,train
508985.8990550274,297.845,train
510025.8605480194,298.586,train
511065.8601920586,299.289,train
512105.8673650259,299.047,train
513145.8600610495,299.36,train
514185.8617950929,298.565,train
515225.8598920889,298.143,train
516265.8595790854,297.653,train
517305.8957300382,297.497,train
518345.89713905007,298.725,train
519385.89523208793,298.371,train
520425.8781160461,299.072,train
521465.85920406505,298.074,train
522505.894853035,298.804,train
523545.85910600144,299.129,train
524585.8676790958,298.625,train
525625.8598760469,298.304,train
526665.860299021,297.887,train
527705.8608200168,299.751,train
528745.860860101,298.145,train
529785.8866420574,299.034,train
530825.8961560205,298.679,train
531865.8940570895,299.17,train
532905.8949101018,298.681,train
533945.8947600797,298.863,train
534985.8941930579,297.332,train
536025.865136995,299.062,train
537065.8585670171,298.705,train
538105.8641690761,298.217,train
539145.8606640808,299.266,train
540185.894590104,298.287,train
541225.8623450762,297.077,train
542265.8942861017,297.803,train
543305.885224021,298.743,train
544345.9020220907,298.312,train
545385.8952940209,298.433,train
546425.8949740324,298.517,train
547465.858945041,297.784,train
548505.8676090557,299.513,train
549545.862567029,298.308,train
550585.8614520403,297.594,train
551625.8621860761,299.263,train
552665.8567941049,298.852,train
553705.8599320007,298.091,train
554745.8588900045,297.897,train
555785.8667310793,299.508,train
556825.898572104,297.807,train
557865.8608620754,299.848,train
558905.8957220986,299.132,train
559945.8954520524,298.216,train
560985.8958190307,298.952,train
562025.8961020736,298.059,train
563065.8996280981,298.746,train
564105.8620250551,298.074,train
565145.8961759927,294.153,train
566185.8604680747,299.355,train
567225.8956250735,298.396,train
568265.8963900758,298.76,train
569305.8682410046,297.596,train
570345.8960769931,297.697,train
571385.8976140618,298.726,train
572425.8790099993,298.313,train
573465.8974020276,298.533,train
574505.874893046,299.716,train
575545.873247087,299.188,train
576585.9039830975,299.589,train
577625.8968310431,298.425,train
578665.8993450692,299.023,train
579705.8661381016,297.838,train
580745.8955850452,298.914,train
581785.8962890459,297.903,train
582825.8968041046,298.766,train
583865.8953560516,299.215,train
584905.8602990117,296.882,train
585945.8601800725,298.794,train
586985.8611540403,299.482,train
588025.8957881015,298.063,train
589065.8958920976,299.959,train
590105.8955270564,298.487,train
591145.8951610839,299.306,train
592185.8606979949,298.513,train
593225.8956450969,298.16,train
594265.8678250154,297.925,train
595305.8973260922,298.578,train
596345.8614760311,298.265,train
597385.8608300798,298.305,train
598425.8965050103,298.25,train
599465.8965470735,298.197,train
600505.8988319943,299.531,train
601545.8968640305,299.827,train
602585.8975379961,299.57,train
603625.8970870404,298.239,train
604665.8605970442,298.2,train
605705.8603840414,298.344,train
606745.8604300627,297.963,train
607785.862409044,298.969,train
608825.8965110872,298.087,train
609865.8949520905,299.499,train
610905.8958060341,299.175,train
611945.8607730921,298.638,train
612985.8957420802,299.591,train
614025.8627450094,298.561,train
615065.8958801068,298.56,train
616105.8607940795,299.148,train
617145.8956240676,299.483,train
618185.8605280286,298.196,train
619225.8978791069,300.033,train
620265.8759379992,298.905,train
621305.8966040844,298.959,train
622345.8981480217,298.83,train
623385.8599560335,298.199,train
624425.8564100601,298.28,train
625465.8951460151,299.55,train
626505.8613950387,299.14,train
627545.8601580467,299.041,train
628585.9080210794,299.138,train
629625.8593860548,299.278,train
630665.8971870784,297.726,train
631705.8976650005,299.203,train
632745.896723005,298.615,train
633785.8704590471,299.486,train
634825.862483005,299.523,train
635865.876584081,299.505,train
636905.8613150846,299.486,train
637945.8682120312,297.718,train
638985.8674120624,298.656,train
640025.8954820456,299.339,train
641065.8961420413,297.651,train
642105.8673840016,298.2,train
643145.8618550096,299.294,train
644185.895982082,297.718,train
645225.8605400566,299.076,train
646265.8963110298,299.256,train
647305.8954470325,298.397,train
648345.9010490915,298.81,train
649385.8861830086,296.776,train
650425.9386390913,299.242,train
651465.897660004,297.961,train
652505.862352089,299.548,train
653545.8606230095,298.499,train
654585.8606400434,299.422,train
655625.8614860708,296.876,train
656665.861442103,298.308,train
657705.8622600744,297.654,train
658745.9486330627,297.952,train
659785.8984140912,297.939,train
660825.9008510504,298.415,train
661865.895526018,299.059,train
662905.8952410705,298.581,train
663945.8693970228,297.773,train
664985.8607019996,299.129,train
666025.8648340823,298.143,train
667065.8682819922,298.806,train
668105.8671190403,298.583,train
669145.8989500534,299.581,train
670185.8964270214,298.861,train
671225.8871300146,299.309,train
672265.8956560772,299.051,train
673305.895788013,299.076,train
674345.897148014,298.943,train
675385.8668730827,297.769,train
676425.8621800691,297.889,train
677465.8605490113,298.515,train
678505.8601601049,299.275,train
679545.8657970885,297.764,train
680585.8967360109,298.062,train
681625.8964680601,298.015,train
682665.8995010657,299.183,train
683705.8962790761,298.516,train
684745.88614807,298.824,train
685785.8999820892,298.348,train
686825.8963070111,298.565,train
687865.8541240729,299.073,train
688905.8995490195,298.352,train
689945.8619530778,298.682,train
690985.8667270746,299.031,train
692025.8684339933,298.38,train
693065.8604979981,299.351,train
694105.8967130957,297.889,train
695145.8965140628,298.097,train
696185.8958860394,298.97,train
697225.895691081,298.291,train
698265.8960840199,299.333,train
699305.8602970559,299.122,train
700345.8508810727,298.793,train
701385.8540840447,299.837,train
702425.8673361037,298.245,train
703465.8606800949,299.456,train
704505.8684051037,298.507,train
705545.8971130429,298.705,train
706585.8863600297,299.312,train
707625.8954280056,299.296,train
708665.8670400502,297.533,train
709705.896906089,298.685,train
710745.8963380195,298.014,train
711785.8960910235,298.441,train
712825.8612391073,298.789,train
713865.8599830233,297.455,train
714905.8611820219,297.852,train
715945.8542780485,298.971,train
716985.9773170901,297.915,train
718025.8679140825,299.426,train
719065.8607441001,298.064,train
720105.8672780637,298.981,train
721145.8627070533,298.495,train
722185.89638907,298.03,train
723225.8962990018,299.291,train
724265.896332101,299.176,train
725305.8609750587,299.293,train
726345.8612890681,298.832,train
727385.8676590025,297.595,train
728425.8789060405,298.804,train
729465.8606570447,298.018,train
730505.8955760906,297.594,train
731545.8986570593,299.089,train
732585.8584890375,298.195,train
733625.8640170563,298.792,train
734665.8952709986,297.816,train
735705.867552082,299.41,train
736745.8951910958,298.698,train
737785.898160073,299.64,train
738825.8603930008,299.162,train
739865.8959571039,299.781,train
740905.905838008,298.232,train
741945.8738360554,298.391,train
742985.8669840032,298.978,train
744025.8617340587,297.454,train
745065.8627590165,298.872,train
746105.8963020332,298.418,train
747145.8630490815,298.074,train
748185.861230013,298.234,train
749225.8679930819,298.328,train
750265.8623181051,299.334,train
751305.862177047,299.402,train
752345.8918720717,299.311,train
753385.8699710108,297.936,train
754425.8691060822,299.785,train
755465.8635359956,297.963,train
756505.8984539937,299.377,train
757545.8627130138,299.016,train
758585.8971190173,299.582,train
759625.8695570286,299.364,train
760665.8770909999,298.712,train
761902.6989800623,256.158,train
762942.674176069,279.762,train
763982.662153081,299.284,train
765022.6626050426,298.095,train
766062.6975730993,298.858,train
767102.6970060775,299.624,train
768142.662367085,297.969,train
769182.6969400281,297.976,train
770222.6696300786,298.86,train
771262.7014580648,297.679,train
772302.7059671003,297.436,train
773342.6692400826,299.146,train
774382.6988240471,299.17,train
775422.6655290695,299.668,train
776462.7004910726,296.796,train
777502.7003070572,297.794,train
778542.6990530686,298.738,train
779582.6992630027,297.561,train
780622.6985490648,299.12,train
781662.6990630757,298.033,train
782702.6994189946,299.051,train
783742.6991270622,297.938,train
784782.70024003,300.421,train
785822.7004810469,299.372,train
786862.704156083,299.455,train
787902.7062760433,298.772,train
788942.6998480922,298.636,train
789982.6997660566,299.477,train
791022.6987440838,300.064,train
792062.6664540032,299.802,train
793102.6996220462,300.097,train
794142.6648690831,299.488,train
795182.6989760157,299.089,train
796222.7033741074,299.363,train
797262.6987640979,299.083,train
798302.7036050335,299.085,train
799342.6979810465,299.099,train
800382.6686390676,300.007,train
801422.7083750302,299.904,train
802462.6637970796,299.633,train
803502.6636139955,298.096,train
804542.670320021,297.556,train
805582.6661220053,299.432,train
806622.6636200445,298.653,train
807662.6646510558,298.325,train
808702.698639012,298.358,train
809742.6993160043,299.961,train
810782.7000670368,298.731,train
811822.6987930248,297.527,train
812862.6994850347,298.683,train
813902.6703269919,299.295,train
814942.6702200435,298.177,train
815982.6717301039,299.871,train
817022.6634310093,298.095,train
818062.673067092,299.238,train
819102.6980300667,299.192,train
820142.6980000688,298.969,train
821182.6875690604,297.688,train
822222.6977240061,298.814,train
823262.6973260194,298.062,train
824302.697540028,298.209,train
825342.6696240203,299.205,train
826382.6736480696,298.27,train
827422.6698690327,298.552,train
828462.6986410003,299.695,train
829502.664689091,297.846,train
830542.6815380342,154.753,idle_mid
831582.7181159984,88.422,idle_mid
832622.7215731051,58.21,idle_mid
833662.7261301037,58.214,idle_mid
834702.6935680769,58.134,idle_mid
835742.6650309935,58.181,idle_mid
836782.6727071078,58.163,idle_mid
837822.6710991003,58.019,idle_mid
838862.7218700713,57.946,idle_mid
839902.7066350682,57.968,idle_mid
840942.6747750258,58.165,idle_mid
841982.6672610361,58.154,idle_mid
843022.664415068,58.161,idle_mid
844062.6853409922,58.25,idle_mid
845102.6581060141,57.895,idle_mid
846142.7259111078,57.91,idle_mid
847182.7188530006,57.886,idle_mid
848222.6730600232,57.899,idle_mid
849262.6730420161,57.758,idle_mid
850302.6661380427,57.759,idle_mid
851342.6715690875,58.232,idle_mid
852382.6657370664,57.722,idle_mid
853422.6670440985,57.992,idle_mid
854462.7230480546,58.091,idle_mid
855502.666088054,58.097,idle_mid
856542.685182998,58.149,idle_mid
857582.6673830161,58.134,idle_mid
858622.7267730283,58.1,idle_mid
859662.667900091,57.84,idle_mid
860702.6668559993,57.992,idle_mid
862372.2364651039,58.129,inference_decode
863412.2376861051,179.39,inference_decode
864452.199788997,192.81,inference_decode
865492.2014350304,180.413,inference_decode
866532.2120030178,174.787,inference_decode
867572.2503820434,192.761,inference_idle
868612.2372800019,162.892,inference_decode
869652.2089299979,191.824,inference_decode
870692.2404960496,192.558,inference_prefill
871732.2015230311,164.958,inference_decode
872772.2427350236,192.293,inference_idle
873812.2112080455,141.971,inference_decode
874852.270768024,162.689,inference_decode
875892.2104130033,192.688,inference_decode
876932.2353280149,192.082,inference_decode
877972.2351360833,165.853,inference_decode
879012.2382710688,193.058,inference_decode
880052.2072170861,192.788,inference_decode
881092.2130920226,165.604,inference_decode
882132.2361730272,192.993,inference_decode
883172.2498270683,192.316,inference_idle
884212.2314440785,167.284,inference_decode
885252.2846650099,192.179,inference_decode
886292.2356009949,162.568,inference_decode
887332.2372700786,192.098,inference_decode
888372.2409040201,166.721,inference_idle
889412.2207420878,141.366,inference_decode
890452.2373750806,166.068,inference_decode
891492.2007319983,192.976,inference_decode
892532.2411460802,192.147,inference_decode
893572.2384240944,164.671,inference_decode
894612.2361330781,192.288,inference_decode
895652.201389079,191.977,inference_decode
896692.236261093,162.109,inference_decode
897732.2009180207,192.158,inference_decode
898772.2025309922,192.386,inference_decode
899812.2355371015,162.483,inference_decode
900852.2410920124,190.869,inference_decode
901892.2111020656,192.383,inference_decode
902932.2019770044,143.807,inference_decode
903972.2090370487,170.875,inference_decode
905012.208859087,191.995,inference_decode
906052.2041860968,181.323,inference_decode
907092.208806076,145.637,inference_decode
908132.207007031,192.684,inference_decode
909172.2418180434,191.997,inference_decode
910212.2374559984,163.045,inference_decode
911252.2396520944,192.661,inference_decode
912292.2026660526,192.351,inference_decode
913332.2373320116,162.899,inference_decode
914372.2512900132,192.556,inference_idle
915412.2371950652,167.369,inference_decode
916452.2057910216,191.991,inference_decode
917492.2369230771,189.825,inference_decode
918532.2425240884,164.96,inference_decode
919572.2079070983,192.732,inference_decode
920612.2002700577,164.681,inference_decode
921652.2107630736,185.661,inference_decode
922692.2117300564,192.373,inference_decode
923732.269625063,164.458,inference_decode
924772.2016770858,190.236,inference_decode
925812.210256001,192.174,inference_decode
926852.2378400668,165.221,inference_decode
927892.2382780584,162.45,inference_decode
928932.2386540008,192.079,inference_decode
929972.2326321062,192.078,inference_decode
931012.2393800413,134.82,inference_decode
932052.2002340294,191.872,inference_decode
933092.2097360016,191.72,inference_decode
934132.2004820686,164.548,inference_decode
935172.2069690004,188.598,inference_decode
936212.200923008,192.208,inference_decode
937252.2464520298,164.69,inference_decode
938292.2001309926,192.769,inference_decode
939332.2368049994,192.044,inference_decode
940372.2361780236,164.539,inference_decode
941412.2634310042,192.012,inference_decode
942452.2352500352,192.012,inference_decode
943492.2282230108,165.265,inference_decode
944532.2757679968,167.319,inference_decode
945572.2020691028,191.598,inference_decode
946612.199141062,190.243,inference_decode
947652.2152470424,166.573,inference_decode
948692.2013730508,192.275,inference_decode
949732.255308074,191.709,inference_decode
950772.2616030368,164.232,inference_idle
951812.2255190974,160.402,inference_decode
952852.2773480508,191.896,inference_decode
953892.2184010736,191.991,inference_idle
954932.2352890158,165.01,inference_decode
955972.2355830016,192.495,inference_decode
957012.2014100198,191.592,inference_prefill
958052.2034650204,162.336,inference_decode
959092.212169082,192.228,inference_decode
960132.2826810648,191.804,inference_decode
961172.2175350878,145.483,inference_decode
962212.215231033,180.041,inference_decode
963252.210694016,141.394,inference_decode
964292.2395060305,192.077,inference_decode
965332.2305730544,191.065,inference_decode
966372.2367030568,164.015,inference_decode
967412.2058540815,191.675,inference_decode
968452.201737091,191.521,inference_decode
969492.2002960228,163.715,inference_decode
970532.21664601,191.73,inference_decode
971572.203086107,162.348,inference_decode
972612.2218871024,178.521,inference_decode
973652.2016930394,164.383,inference_decode
974692.2377540031,164.878,inference_decode
975732.2103620972,191.496,inference_decode
976772.2453930182,191.078,inference_idle
977812.2179710772,141.019,inference_decode
978852.2280600156,161.841,inference_decode
979892.202418996,187.038,inference_decode
980932.2027560556,191.262,inference_decode
981972.2075670724,163.694,inference_decode
983012.200377998,182.524,inference_decode
984052.2545160492,191.8,inference_decode
985092.2008570052,166.416,inference_decode
986132.2366450912,175.365,inference_decode
987172.2326120362,192.131,inference_decode
988212.237231084,176.191,inference_decode
989252.2687230958,151.89,inference_decode
990292.236471083,192.178,inference_decode
991332.2748780485,160.569,inference_decode
992372.239873046,192.65,inference_decode
993412.2136360966,191.791,inference_decode
994452.2034151014,164.441,inference_decode
995492.2143110308,190.821,inference_decode
996532.2078430328,191.935,inference_decode
997572.2014250932,171.118,inference_decode
998612.2362060704,173.29,inference_decode
999652.2374270716,191.75,inference_decode
1000692.2264620662,176.521,inference_decode
1001732.2354801,141.76,inference_decode
1002772.2383210204,192.133,inference_decode
1003812.1987130726,162.295,inference_decode
1004852.211970021,191.831,inference_decode
1005892.2243050764,132.691,inference_decode
1006932.208743994,192.116,inference_decode
1007972.237794078,192.151,inference_decode
1009012.2274500318,164.615,inference_decode
1010052.240158082,189.044,inference_decode
1011092.2357320088,191.983,inference_decode
1012132.237570011,173.359,inference_decode
1013172.2361251012,181.057,inference_decode
1014212.2269819956,191.406,inference_decode
1015252.2245880682,164.907,inference_decode
1016292.2073600348,191.852,inference_decode
1017332.2057410842,163.897,inference_idle
1018372.202948085,166.463,inference_decode
1019412.2092180188,191.965,inference_decode
1020452.2030720254,191.625,inference_idle
1021492.2369481064,163.578,inference_decode
1022532.2276700754,167.355,inference_decode
1023572.2463760758,134.77,inference_decode
1024612.2456910087,164.44,inference_decode
1025652.21093304,191.817,inference_decode
1026692.2105180564,192.098,inference_decode
1027732.2049530922,164.718,inference_decode
1028772.2012430896,192.524,inference_decode
1029812.2090779945,191.021,inference_decode
1030852.203328046,162.323,inference_decode
1031892.240703106,192.038,inference_decode
1032932.2506811004,191.031,inference_idle
1033972.1988450036,165.128,inference_idle
1035012.2366040014,165.276,inference_decode
1036052.207495086,190.464,inference_idle
1037092.2760060056,163.852,inference_decode
1038132.207499002,192.115,inference_decode
1039172.2013780382,192.05,inference_idle
1040212.202343042,164.825,inference_decode
1041252.2079580232,192.342,inference_decode
1042292.2032580244,191.891,inference_idle
1043332.2001351044,166.76,inference_decode
1044372.2265670076,191.831,inference_decode
1045412.234913092,183.936,inference_decode
1046452.2382610012,171.626,inference_decode
1047492.2387320548,191.8,inference_decode
1048532.200318994,135.401,inference_decode
1049572.2018150846,191.275,inference_decode
1050612.2372370446,192.032,inference_decode
1051652.237547096,165.336,inference_decode
1052692.201756057,182.582,inference_decode
1053732.236750075,191.703,inference_decode
1054772.2688250942,166.087,inference_decode
1055812.2015990084,175.977,inference_decode
1056852.2048470331,189.243,inference_idle
1057892.2373430105,164.389,inference_decode
1058932.2079150006,192.004,inference_decode
1059972.2491800785,191.847,inference_prefill
1061012.2422050918,164.674,inference_decode
1062052.226164029,192.364,inference_decode
1063092.2384570586,192.061,inference_decode
1064132.202745066,134.546,inference_decode
1065172.201612033,191.904,inference_decode
1066212.211180013,166.866,inference_decode
1067252.2103900556,165.451,inference_decode
1068292.236730107,192.246,inference_decode
1069332.2690071072,165.417,inference_decode
1070372.235038085,191.686,inference_decode
1071412.2306050267,192.501,inference_idle
1072452.2034240654,166.044,inference_decode
1073492.2363531075,192.261,inference_decode
1074532.2027500952,192.225,inference_idle
1075572.2024490824,165.143,inference_decode
1076612.2012240812,192.413,inference_decode
1077652.205739054,172.678,inference_decode
1078692.2102420358,170.575,inference_decode
1079732.2057730053,192.387,inference_decode
1080772.2391540883,165.292,inference_decode
1081812.242234009,191.984,inference_decode
1082852.2427770076,165.099,inference_decode
1083892.2839360312,192.602,inference_decode
1084932.2034340585,192.093,inference_decode
1085972.2132050665,167.056,inference_decode
1087012.2300320072,154.3,inference_idle
1088052.2093001057,162.456,inference_decode
1089092.2127680387,191.976,inference_decode
1090132.2033990873,192.143,inference_idle
1091172.2209880827,166.707,inference_decode
1092212.246511015,162.191,inference_decode
1093252.2288520122,191.023,inference_decode
1094292.2412130283,191.623,inference_decode
1095332.2365140775,192.816,inference_decode
1096372.2373920027,191.524,inference_decode
1097412.3098130804,166.396,inference_decode
1098452.4788730778,165.297,inference_prefill
1099492.2122680582,165.363,inference_decode
1100532.2025560308,192.253,inference_decode
1101572.2098540282,191.483,inference_decode
1102612.2091290308,166.729,inference_decode
1103652.2388360463,192.213,inference_decode
1104692.2435520682,191.89,inference_decode
1105732.2369650938,164.668,inference_decode
1106772.227464011,191.981,inference_decode
1107812.2373770457,192.147,inference_decode
1108852.268851013,192.035,inference_decode
1109892.2015629942,192.508,inference_decode
1110932.2106380714,165.065,inference_decode
1111972.2061780049,188.687,inference_decode
1113012.201049016,191.512,inference_decode
1114052.222267026,162.531,inference_decode
1115092.23102103,182.027,inference_decode
1116132.237170008,149.565,inference_decode
1117172.2731330665,154.043,inference_decode
1118212.2442550026,177.776,inference_decode
1119252.2429530509,163.371,inference_decode
1120292.2115270048,192.15,inference_decode
1121332.205845043,191.719,inference_decode
1122372.2762661057,164.545,inference_decode
1123412.2739300365,192.296,inference_decode
1124452.2041750606,192.106,inference_decode
1125492.240214022,145.934,inference_decode
1126532.2430590168,172.595,inference_decode
1127572.202565032,192.009,inference_decode
1128612.237526104,166.898,inference_decode
1129652.237152099,164.197,inference_decode
1130692.2233720543,192.906,inference_decode
1131732.243467006,192.708,inference_decode
1132772.204598063,162.891,inference_decode
1133812.2380020795,191.988,inference_decode
1134852.261354099,164.784,inference_idle
1135892.2013610136,165.512,inference_decode
1136932.2383240797,192.092,inference_decode
1137972.253679065,192.263,inference_idle
1139012.209360022,162.58,inference_decode
1140052.2366460646,192.313,inference_decode
1141092.2099510208,191.562,inference_decode
1142132.241918007,165.414,inference_decode
1143172.243392095,192.411,inference_decode
1144212.2381300433,192.038,inference_decode
1145252.2115210304,164.248,inference_decode
1146292.243501055,191.757,inference_idle
1147332.2450960986,140.11,inference_decode
1148372.2224580124,192.15,inference_decode
1149412.201133091,191.666,inference_decode
1150452.2384500597,167.407,inference_decode
1151492.2404070385,192.774,inference_decode
1152532.211498008,180.507,inference_decode
1153572.2365980037,166.554,inference_decode
1154612.2371500824,191.848,inference_decode
1155652.205914026,164.729,inference_decode
1156692.2009420814,165.516,inference_decode
1157732.2016330436,191.85,inference_decode
1158772.2005230607,192.138,inference_decode
1159812.2868200298,136.879,inference_decode
1160852.2174730897,192.172,inference_decode
1161892.2616400523,192.432,inference_decode
1162932.2095550597,165.241,inference_decode
1163972.200882039,192.729,inference_decode
1165012.2108620126,192.068,inference_decode
1166052.2023800295,140.378,inference_decode
1167092.2374210786,192.855,inference_decode
1168132.242522086,192.648,inference_decode
1169172.238608007,169.037,inference_decode
1170212.2713150457,160.478,inference_decode
1171252.2000620374,183.994,inference_decode
1172292.2019860707,144.719,inference_decode
1173332.2074470343,192.52,inference_decode
1174372.2393400967,192.751,inference_decode
1175412.208561087,163.334,inference_decode
1176452.1981510334,192.776,inference_decode
1177492.2434850596,192.222,inference_idle
1178532.2045360226,164.819,inference_idle
1179572.2194160337,143.929,inference_decode
1180612.2013300192,171.519,inference_decode
1181652.2389129968,191.87,inference_decode
1182692.2769180965,179.554,inference_decode
1183732.2380359983,165.566,inference_decode
1184772.2002140945,192.386,inference_decode
1185812.208716059,184.305,inference_decode
1186852.240194101,162.924,inference_decode
1187892.20527804,192.53,inference_decode
1188932.200019015,191.683,inference_decode
1189972.199453041,167.362,inference_decode
1191012.2066610493,192.683,inference_decode
1192052.2090930026,192.348,inference_decode
1193092.2106601065,166.454,inference_idle
1194132.214648067,164.953,inference_decode
1195172.249934054,192.764,inference_idle
1196212.2008760923,162.714,inference_decode
1197252.211229992,192.131,inference_decode
1198292.2518630512,192.017,inference_idle
1199332.2103540413,165.521,inference_decode
1200372.2524330951,192.332,inference_decode
1201412.2560929973,191.869,inference_idle
1202452.2372970823,165.276,inference_decode
1203492.2153160442,165.856,inference_decode
1204532.2010540403,162.893,inference_decode
1205572.2360230284,192.171,inference_decode
1206612.2015250148,192.397,inference_decode
1207652.211515,165.695,inference_decode
1208692.2018070472,192.938,inference_decode
1209732.2229710408,191.646,inference_decode
1210772.1971230349,165.433,inference_decode
1211812.2411150252,192.792,inference_decode
1212852.2024099948,161.746,inference_decode
1213892.2022070035,192.821,inference_decode
1214932.2695810115,192.448,inference_decode
1215972.2108370624,165.488,inference_decode
1217012.2431570198,191.984,inference_decode
1218052.2388960237,192.561,inference_decode
1219092.2386340098,165.727,inference_decode
1220132.2364690714,193.416,inference_decode
1221172.237314051,192.674,inference_decode
1222212.2028931044,165.958,inference_decode
1223252.236938104,193.034,inference_decode
1224292.200302007,192.87,inference_decode
1225332.2363730986,165.52,inference_decode
1226372.202102095,165.424,inference_decode
1227412.2088260483,192.668,inference_decode
1228452.2030730732,163.276,inference_decode
1229492.2006090635,193.022,inference_decode
1230532.2126380634,192.611,inference_decode
1231572.2012059996,165.462,inference_decode
1232612.2141160304,192.604,inference_decode
1233652.2073131057,191.831,inference_decode
1234692.2418100294,153.022,inference_decode
1235732.203399995,165.812,inference_decode
1236772.2447270062,193.014,inference_decode
1237812.272762996,187.184,inference_prefill
1238852.2001761012,192.803,inference_decode
1239892.20854803,167.131,inference_decode
1240932.2001060937,191.989,inference_decode
1241972.210400039,179.511,inference_prefill
1243012.2037340188,164.912,inference_idle
1244052.23797902,167.37,inference_decode
1245092.2093359986,163.967,inference_decode
1246132.2095320793,192.306,inference_decode
1247172.2376500256,191.629,inference_decode
1248212.239756016,166.218,inference_decode
1249252.2711990168,161.46,inference_decode
1250292.202566052,191.552,inference_decode
1251332.2186100995,163.892,inference_decode
1252372.243001009,192.01,inference_decode
1253412.204225082,191.322,inference_decode
1254452.2446690826,164.685,inference_decode
1255492.202548077,192.481,inference_decode
1256532.2382010054,192.138,inference_decode
1257572.2385110566,163.433,inference_decode
1258612.2110229917,192.117,inference_decode
1259652.2044490557,191.629,inference_decode
1260692.2019630438,164.49,inference_decode
1261732.2381220292,191.739,inference_decode
1262772.200647043,165.011,inference_decode
1263812.2719790554,192.706,inference_decode
1264852.236031089,191.965,inference_decode
1265892.270344077,167.492,inference_decode
1266932.2376130149,192.798,inference_decode
1267972.202104051,192.693,inference_decode
1269012.2284420067,162.276,inference_decode
1270052.2400951013,193.334,inference_decode
1271092.19974,192.515,inference_decode
1272132.2099730603,165.647,inference_decode
1273172.207544092,192.432,inference_decode
1274212.224057061,192.891,inference_idle
1275252.2060120243,163.389,inference_decode
1276292.2100590076,168.325,inference_decode
1277332.3911420302,165.899,inference_prefill
1278372.20622506,191.664,inference_decode
1279412.3425660655,192.368,inference_decode
1280452.20840408,172.211,inference_decode
1281492.2358409967,172.954,inference_decode
1282532.2401210433,192.925,inference_decode
1283572.2461480182,177.018,inference_decode
1284612.2003640048,167.526,inference_decode
1285652.2891480708,192.187,inference_decode
1286692.2451970167,183.613,inference_decode
1287732.206075103,166.362,inference_decode
1288772.1994390013,192.672,inference_decode
1289812.236180995,189.871,inference_decode
1290852.2372019943,193.052,inference_decode
1291892.2357520787,167.435,inference_decode
1292932.2414150229,166.092,inference_decode
1293972.2386810463,190.375,inference_decode
1295012.2112100944,192.478,inference_decode
1296052.2685970643,174.029,inference_decode
1297092.2282640822,157.603,inference_idle
1298132.2431630688,138.971,inference_decode
1299172.237538034,182.508,inference_decode
1300212.2357080225,192.759,inference_decode
1301252.2422050824,169.174,inference_decode
1302292.2095130198,190.306,inference_decode
1303332.2440440534,192.419,inference_decode
1304372.2571081016,165.607,inference_decode
1305412.237559096,192.457,inference_decode
1306452.2071840474,165.313,inference_decode
1307492.2368550906,192.692,inference_decode
1308532.2071290575,192.17,inference_decode
1309572.285218048,166.393,inference_decode
1310612.3249980155,192.689,inference_decode
1311652.199325035,192.077,inference_decode
1312692.207959015,164.864,inference_decode
1313732.2353330674,165.372,inference_decode
1314772.199567058,187.346,inference_decode
1315812.2083260678,192.123,inference_decode
1316852.200329071,161.836,inference_decode
1317892.201742041,192.843,inference_decode
1318932.2106610052,192.574,inference_decode
1319972.2365440102,167.151,inference_decode
1321012.2361860704,191.983,inference_decode
1322052.2411949933,192.411,inference_decode
1323092.238387093,162.809,inference_decode
1324132.2368020192,192.838,inference_decode
1325172.2421130398,191.532,inference_decode
1326212.2093540384,163.292,inference_decode
1327252.2409500089,192.382,inference_decode
1328292.2882360872,192.072,inference_decode
1329332.2105170228,164.275,inference_decode
1330372.2098220603,192.469,inference_decode
1331412.2091610916,164.506,inference_decode
1332452.202990069,192.577,inference_decode
1333492.2012550524,191.829,inference_decode
1334532.2114250157,165.332,inference_idle
1335572.2247700903,167.471,inference_decode
1336612.2085630195,192.276,inference_idle
1337652.2375120549,164.58,inference_decode
1338692.2016520984,192.502,inference_decode
1339732.2035609975,192.342,inference_idle
1340772.2072850447,163.201,inference_decode
1341812.3670580098,192.511,inference_decode
1342852.203256101,164.474,inference_decode
1343892.232745071,185.418,inference_decode
1344932.2090490025,191.996,inference_decode
1345972.2568070283,167.515,inference_idle
1347012.2376790969,162.68,inference_decode
1348052.2172900382,192.962,inference_decode
1349092.2138580354,192.536,inference_idle
1350132.2382310173,162.159,inference_decode
1351172.207357013,192.433,inference_decode
1352212.247507996,192.517,inference_prefill
1353252.2013470298,165.227,inference_decode
1354292.240462033,192.758,inference_decode
1355332.2154470952,192.572,inference_decode
1356372.271738015,186.781,inference_decode
1357412.239300087,192.242,inference_decode
1358452.2007351045,164.605,inference_decode
1359492.2701700125,155.492,inference_decode
1360532.2012760444,192.552,inference_decode
1361572.2735890886,191.693,inference_decode
1362612.2360900044,165.881,inference_decode
1363652.2418300156,177.006,inference_decode
1364692.208748078,192.13,inference_decode
1365732.2406450985,171.303,inference_decode
1366772.2407460678,172.969,inference_prefill
1367812.2072550468,165.165,inference_decode
1368852.2006680723,192.06,inference_decode
1369892.216642038,162.734,inference_decode
1370932.202957105,192.846,inference_decode
1371972.2167770378,192.765,inference_decode
1373012.2380791,165.54,inference_decode
1374052.199666039,177.884,inference_decode
1375092.2381110722,192.448,inference_decode
1376132.2013000026,171.865,inference_decode
1377172.2358550178,144.646,inference_decode
1378212.2361200163,192.741,inference_decode
1379252.202898031,192.427,inference_decode
1380292.2372570029,167.0,inference_decode
1381332.2168370942,190.187,inference_decode
1382372.236069059,192.668,inference_decode
1383412.2358300956,165.183,inference_decode
1384452.200495056,192.641,inference_decode
1385492.2178480774,191.84,inference_idle
1386532.2086390806,165.495,inference_decode
1387572.2401459934,192.645,inference_decode
1388612.2027930105,192.487,inference_idle
1389652.213072055,165.411,inference_idle
1390692.236009054,164.864,inference_decode
1391732.251523994,190.028,inference_idle
1392772.2048420692,135.664,inference_decode
1393812.2362931026,139.949,inference_decode
1394852.235945058,192.288,inference_decode
1395892.2355250688,192.072,inference_decode
1396932.201807038,140.391,inference_decode
1397972.207848099,189.698,inference_decode
1399012.202292099,162.788,inference_decode
1400052.2368570091,190.737,inference_decode
1401092.2361700796,192.325,inference_decode
1402132.2360310005,164.896,inference_decode
1403172.2069690004,162.759,inference_decode
1404212.200336042,192.571,inference_decode
1405252.2655730136,167.553,inference_idle
1406292.2069170745,163.248,inference_decode
1407332.238708041,192.275,inference_decode
1408372.2453080118,167.531,inference_decode
1409412.2000330826,190.367,inference_decode
1410452.2181490902,192.839,inference_decode
1411492.200226057,173.571,inference_decode
1412532.1998420404,184.414,inference_decode
1413572.2380020889,192.388,inference_decode
1414612.2073910665,177.695,inference_decode
1415652.2077270783,167.064,inference_decode
1416692.1996260062,192.698,inference_decode
1417732.2011060314,184.214,inference_decode
1418772.2965130815,168.132,inference_decode
1419812.2362220893,192.523,inference_decode
1420852.208071039,167.872,inference_decode
1421892.2072980786,163.165,inference_decode
1422932.2424890706,192.592,inference_decode
1423972.2718280973,192.705,inference_decode
1425012.2110469963,164.628,inference_decode
1426052.2161860715,191.992,inference_decode
1427092.2380500706,192.798,inference_decode
1428132.2139670374,165.577,inference_decode
1429172.2428880166,192.809,inference_decode
1430212.274344056,192.18,inference_decode
1431252.2276140517,164.583,inference_decode
1432292.2007050363,192.657,inference_decode
1433332.1996229934,192.317,inference_idle
1434372.2138130106,167.255,inference_decode
1435412.2152230702,192.352,inference_decode
1436452.2543200292,190.343,inference_idle
1437492.2398260096,138.606,inference_decode
1438532.207790995,193.075,inference_decode
1439572.237553075,192.604,inference_decode
1440612.200924079,165.579,inference_decode
1441652.2366110005,164.751,inference_decode
1442692.2378180316,193.243,inference_decode
1443732.2043500608,192.539,inference_idle
1444772.439510096,165.534,inference_decode
1445812.5311580952,192.623,inference_prefill
1446852.223869064,191.159,inference_decode
1447892.20058301,192.592,inference_decode
1448932.2105110623,169.969,inference_decode
1449972.2441610647,174.058,inference_decode
1451012.1894200563,192.965,inference_decode
1452052.2032660665,175.992,inference_decode
1453092.236694065,178.41,inference_decode
1454132.2424070677,149.403,inference_decode
1455172.2366490867,171.421,inference_decode
1456212.195758009,192.105,inference_decode
1457252.2067780374,162.559,inference_decode
1458292.2008720925,193.137,inference_decode
1459332.237077993,192.742,inference_decode
1460372.2152780974,162.828,inference_decode
1461412.2151460033,165.21,inference_decode
1462452.2422200534,192.73,inference_decode
1463492.251544027,192.242,inference_idle
1464532.2500210025,165.612,inference_decode
1465572.207031073,192.066,inference_decode
1466612.247548066,192.513,inference_idle
1467652.2425720468,142.312,inference_decode
1468692.2366250074,192.475,inference_decode
1469732.2083280887,191.933,inference_decode
1470772.2373980796,164.906,inference_decode
1471812.2036940183,191.039,inference_decode
1472852.2396070184,191.526,inference_decode
1473892.2443060435,167.471,inference_decode
1474932.200532057,192.089,inference_decode
1475972.238783026,192.027,inference_decode
1477012.2371620964,165.026,inference_decode
1478052.2372761045,192.833,inference_decode
1479092.253597104,192.101,inference_idle
1480132.2306710065,164.468,inference_decode
1481172.2067700466,192.02,inference_prefill
1482212.211653008,165.291,inference_decode
1483252.2016580915,192.631,inference_decode
1484292.2020760598,192.34,inference_decode
1485332.2440120392,162.079,inference_decode
1486372.2685350804,192.315,inference_decode
1487412.207721034,165.599,inference_decode
1488452.2367410827,192.814,inference_decode
1489492.248618044,192.134,inference_idle
1490532.2083700448,163.009,inference_idle
1491572.2405550769,167.276,inference_decode
1492612.2367990902,192.133,inference_decode
1493652.201354038,168.025,inference_decode
1494692.2073090682,175.047,inference_decode
1495732.2011539943,192.421,inference_decode
1496772.209340008,176.227,inference_decode
1497812.2374030063,180.276,inference_decode
1498852.272026008,191.956,inference_decode
1499892.214834108,165.43,inference_decode
1500932.2371750604,192.411,inference_decode
1501972.2364810295,192.3,inference_decode
1503012.2106360504,162.927,inference_decode
1504052.207767032,192.555,inference_decode
1505092.238042038,192.148,inference_decode
1506132.2405471,164.456,inference_decode
1507172.2076800652,167.181,inference_decode
1508212.2235140996,162.706,inference_decode
1509252.2014330607,192.394,inference_decode
1510292.2704560915,192.404,inference_decode
1511332.2083340026,162.315,inference_decode
1512372.2012820654,164.419,inference_decode
1513412.2367430246,192.23,inference_decode
1514452.207821072,192.814,inference_decode
1515492.2538520768,168.003,inference_decode
1516532.2379349964,191.407,inference_decode
1517572.200782015,162.226,inference_decode
1518612.274943036,192.935,inference_decode
1519652.207222069,192.557,inference_decode
1520692.2581720864,164.693,inference_decode
1521732.2016221003,192.649,inference_decode
1522772.2102220869,162.563,inference_decode
1523812.2367250037,182.206,inference_decode
1524852.2018140648,192.534,inference_decode
1525892.237682012,192.199,inference_decode
1526932.2010950418,164.488,inference_decode
1527972.2368100192,167.083,inference_decode
1529012.2159600724,192.019,inference_decode
1530052.20184708,164.567,inference_decode
1531092.2387860485,193.037,inference_decode
1532132.2048730217,192.236,inference_decode
1533172.236047103,164.509,inference_decode
1534212.2377650812,192.933,inference_decode
1535252.2100460485,192.525,inference_decode
1536292.202383047,162.802,inference_decode
1537332.237211056,190.44,inference_decode
1538372.210260015,192.44,inference_decode
1539412.2096630745,138.11,inference_decode
1540452.2054750705,178.822,inference_prefill
1541492.2014879994,165.613,inference_decode
1542532.2719740216,192.201,inference_decode
1543572.2752650036,185.123,inference_decode
1544612.2430220712,140.546,inference_decode
1545652.2436960367,191.87,inference_decode
1546692.2423490323,192.244,inference_idle
1547732.3120110668,165.157,inference_decode
1548772.2076569917,178.661,inference_decode
1549812.2089130338,140.008,inference_decode
1550852.2405771073,164.68,inference_decode
1551892.2157090856,160.908,inference_idle
1552932.2398060467,164.332,inference_decode
1553972.2086610273,192.069,inference_decode
1555012.273975066,164.114,inference_decode
1556052.2371931002,184.938,inference_decode
1557092.20805706,164.016,inference_decode
1558132.2081050605,192.104,inference_decode
1559172.2010941012,192.621,inference_decode
1560212.2017130023,165.534,inference_decode
1561252.2380580194,192.452,inference_decode
1562292.2299110796,192.523,inference_decode
1563332.237530034,165.173,inference_decode
1564372.2323260736,192.576,inference_decode
1565412.237431039,192.308,inference_decode
1566452.2438270506,134.907,inference_decode
1567492.2003319953,193.193,inference_decode
1568532.2365150787,192.708,inference_decode
1569572.199876071,165.05,inference_decode
1570612.2089270502,192.858,inference_decode
1571652.2366260178,164.643,inference_decode
1572692.243208061,192.457,inference_idle
1573732.200138038,162.751,inference_decode
1574772.2135600634,192.785,inference_decode
1575812.2420700963,192.405,inference_prefill
1576852.2130050696,190.684,inference_decode
1577892.2011830143,192.71,inference_decode
1578932.2091190843,170.194,inference_decode
1579972.2051200224,185.018,inference_idle
1581012.2376640793,167.367,inference_decode
1582052.2077539936,192.259,inference_decode
1583092.1995220706,167.378,inference_decode
1584132.2730360553,165.347,inference_decode
1585172.229941003,192.43,inference_decode
1586212.2123870067,192.266,inference_decode
1587252.2093470907,164.807,inference_decode
1588292.2017480014,192.424,inference_decode
1589332.2118490469,192.0,inference_idle
1590372.2055600956,180.377,inference_decode
1591412.237242097,192.663,inference_decode
1592452.2367150057,165.786,inference_decode
1593492.2381920042,192.397,inference_decode
1594532.2378930869,192.549,inference_decode
1595572.2587150522,167.069,inference_idle
1596612.239368027,161.075,inference_decode
1597652.236654074,192.36,inference_decode
1598692.2125160927,192.942,inference_prefill
1599732.2080340236,167.308,inference_decode
1600772.295062081,192.853,inference_decode
1601812.243858003,192.069,inference_decode
1602852.2390211,192.435,inference_decode
1603892.2475720756,153.297,inference_idle
1604932.239380083,139.928,inference_decode
1605972.2426540684,165.892,inference_decode
1607012.2068939963,193.125,inference_decode
1608052.2042810917,165.977,inference_decode
1609092.2011910006,192.566,inference_decode
1610132.239500992,192.322,inference_idle
1611172.2382670268,165.219,inference_decode
1612212.2022809926,192.226,inference_decode
1613252.2041650957,191.762,inference_idle
1614292.272726074,166.669,inference_decode
1615332.235738053,192.45,inference_decode
1616372.2274040338,178.108,inference_idle
1617412.238155026,176.779,inference_decode
1618452.2002401063,192.353,inference_decode
1619492.242095992,184.208,inference_prefill
1620532.2108080145,165.368,inference_decode
1621572.2050640034,192.224,inference_decode
1622612.2392970135,190.145,inference_decode
1623652.2310930304,166.722,inference_decode
1624692.202453036,192.436,inference_decode
1625732.210940099,161.975,inference_decode
1626772.2407530528,192.255,inference_decode
1627812.2619170465,192.439,inference_idle
1628852.2019140655,175.608,inference_decode
1629892.2014239945,192.447,inference_decode
1630932.223724085,170.973,inference_decode
1631972.2371130483,149.345,inference_decode
1633012.2081260197,191.951,inference_decode
1634052.237394033,192.181,inference_decode
1635092.276134994,155.591,inference_decode
1636132.2296250146,167.303,inference_decode
1637172.2363700392,165.218,inference_decode
1638212.2095730156,192.874,inference_decode
1639252.236896078,192.273,inference_decode
1640292.200764059,167.902,inference_decode
1641332.2405300569,162.153,inference_decode
1642372.2392380005,192.423,inference_decode
1643412.2089440934,164.415,inference_decode
1644452.2044650512,192.014,inference_decode
1645492.2012550524,191.729,inference_decode
1646532.2368880734,162.238,inference_decode
1647572.2076980164,160.146,inference_decode
1648612.2084640665,192.755,inference_decode
1649652.2013730137,191.971,inference_decode
1650692.200976075,167.086,inference_decode
1651732.2084160987,193.079,inference_decode
1652772.2325340146,192.22,inference_decode
1653812.2393820668,166.831,inference_decode
1654852.236084058,192.663,inference_decode
1655892.243480077,192.14,inference_decode
1656932.2696480667,161.977,inference_decode
1657972.208803054,162.628,inference_decode
1659012.2457300313,192.728,inference_decode
1660052.2371680709,170.947,inference_decode
1661092.2082980396,174.008,inference_decode
1662132.2391590802,192.194,inference_decode
1663172.2009130754,177.274,inference_decode
1664212.236348074,169.66,inference_decode
1665252.2382250754,191.541,inference_decode
1666292.237049085,180.626,inference_decode
1667332.2073110612,165.372,inference_decode
1668372.2038530975,193.035,inference_decode
1669412.2441640357,191.911,inference_decode
1670452.237563091,162.376,inference_decode
1671492.2368990956,192.759,inference_decode
1672532.2046621004,162.743,inference_decode
1673572.2003020346,191.918,inference_decode
1674612.2580760857,192.344,inference_idle
1675652.2006120067,162.73,inference_decode
1676692.271945998,192.348,inference_decode
1677732.2079699952,162.583,inference_decode
1678772.4748480832,192.521,inference_decode
1679812.24448001,192.146,inference_decode
1680852.201092057,191.849,inference_decode
1681892.2056450974,192.058,inference_decode
1682932.2073730873,162.77,inference_decode
1683972.2005940275,192.591,inference_decode
1685012.236832059,191.493,inference_decode
1686052.1997670876,165.04,inference_decode
1687092.2360850964,190.937,inference_decode
1688132.2371020217,192.042,inference_decode
1689172.2045480274,163.71,inference_idle
1690212.2388120042,162.627,inference_decode
1691252.2057070164,167.209,inference_idle
1692292.2413980125,161.134,inference_decode
1693332.2003170615,191.55,inference_decode
1694372.2146560904,176.325,inference_idle
1695412.2008990962,168.126,inference_decode
1696452.2062430624,191.8,inference_decode
1697492.2099440591,182.205,inference_decode
1698532.2035460267,167.023,inference_decode
1699572.2360369982,165.28,inference_decode
1700612.2087930562,192.523,inference_decode
1701652.231785003,191.662,inference_decode
1702692.2103390098,165.38,inference_decode
1703732.219115016,192.748,inference_decode
1704772.2054150654,191.878,inference_decode
1705812.2035610722,161.854,inference_decode
1706852.238819003,192.291,inference_decode
1707892.239458044,192.014,inference_decode
1708932.2079230333,164.862,inference_decode
1709972.2364930203,192.132,inference_decode
1711012.2086131014,192.346,inference_decode
1712052.215494099,166.825,inference_decode
1713092.2369400505,167.511,inference_decode
1714132.205606089,134.706,inference_decode
1715172.2395610996,165.742,inference_decode
1716212.201492046,192.645,inference_decode
1717252.2083310178,192.054,inference_decode
1718292.2395310595,165.373,inference_decode
1719332.24402403,192.983,inference_decode
1720372.2222680226,167.001,inference_decode
1721412.2006610269,192.307,inference_decode
1722452.236597077,192.222,inference_decode
1723492.2031090828,162.099,inference_decode
1724532.2407610947,192.607,inference_decode
1725572.2372171003,191.969,inference_decode
1726612.4231340364,162.224,inference_decode
1727652.2005971055,192.64,inference_decode
1728692.2118300572,192.354,inference_decode
1729732.24175605,162.075,inference_decode
1730772.2090760944,192.072,inference_decode
1731812.2203800594,191.894,inference_decode
1732852.2041910328,163.765,inference_idle
1733892.2043120256,168.626,inference_decode
1734932.236170047,192.398,inference_decode
1735972.2151150927,178.902,inference_decode
1737012.1996490052,165.609,inference_decode
1738052.240142017,192.822,inference_decode
1739092.200488085,169.34,inference_decode
1740132.2380880592,178.743,inference_decode
1741172.2024180926,165.879,inference_decode
1742212.2401930392,192.963,inference_decode
1743252.23882508,163.135,inference_decode
1744292.2116990667,192.622,inference_decode
1745332.204818027,191.656,inference_decode
1746372.2021779977,165.229,inference_decode
1747412.2389400145,191.863,inference_decode
1748452.200231026,191.651,inference_decode
1749492.2087980667,161.998,inference_decode
1750532.2380060095,192.226,inference_decode
1751572.205322096,191.866,inference_idle
1752612.2412640834,164.926,inference_decode
1753652.2089469945,191.189,inference_decode
1754692.2242210712,191.92,inference_idle
1755732.271274086,162.401,inference_decode
1756772.205298999,165.21,inference_decode
1757812.2379810084,192.481,inference_decode
1758852.209302015,162.56,inference_decode
1759892.2029520618,164.383,inference_decode
1760932.203013101,180.028,inference_decode
1761972.2051850986,192.309,inference_decode
1763012.2435810044,138.457,inference_decode
1764052.209595102,166.105,inference_decode
1765092.203358072,192.525,inference_decode
1766132.2108930908,192.615,inference_decode
1767172.204341041,165.084,inference_decode
1768212.2075960506,192.422,inference_decode
1769252.2134830942,191.593,inference_decode
1770292.202788056,164.997,inference_decode
1771332.2399629978,192.85,inference_decode
1772372.2376490475,165.427,inference_decode
1773412.2004430974,164.319,inference_decode
1774452.241663006,151.243,inference_prefill
1775492.2411449952,166.888,inference_decode
1776532.215617015,191.885,inference_idle
1777572.23089505,150.894,inference_decode
1778612.220844021,149.763,inference_decode
1779652.2095140535,192.616,inference_decode
1780692.2036280157,191.909,inference_decode
1781732.2002600413,136.306,inference_decode
1782772.2363000505,163.975,inference_decode
1783812.2438760474,192.289,inference_decode
1784852.2423220566,191.74,inference_decode
1785892.2087950632,162.376,inference_decode
1786932.2073340882,192.283,inference_decode
1787972.236103029,192.24,inference_decode
1789012.2078580316,165.157,inference_decode
1790052.2106660064,192.248,inference_idle
1791092.2089150408,165.137,inference_decode
1792132.2020450607,188.779,inference_decode
1793172.2005580086,165.868,inference_decode
1794212.2750900453,192.587,inference_decode
1795252.2263251012,162.736,inference_decode
1796292.262358009,192.903,inference_idle
1797332.2025689995,165.373,inference_decode
1798372.2374830395,192.237,inference_decode
1799412.2632790825,179.201,inference_idle
1800452.243685024,140.143,inference_decode
1801492.2567390604,192.136,inference_idle
1802532.206522068,165.542,inference_idle
1803572.2801260415,134.898,inference_decode
1804612.2468000976,188.055,inference_decode
1805652.2103881,191.111,inference_decode
1806692.2370450336,162.37,inference_decode
1807732.2073270332,182.141,inference_decode
1808772.2136060477,192.201,inference_decode
1809812.2124290091,167.177,inference_decode
1810852.3091750685,192.425,inference_decode
1811892.2843670007,162.236,inference_decode
1812932.2378020731,191.879,inference_decode
1813972.2421070328,192.272,inference_decode
1815012.2375320643,165.342,inference_decode
1816052.2110650784,166.644,inference_idle
1817092.2102940967,164.196,inference_decode
1818132.237841026,192.701,inference_decode
1819172.2393800735,192.372,inference_decode
1820212.2003250988,167.433,inference_decode
1821252.2100410424,191.725,inference_decode
1822292.2433530912,191.649,inference_decode
1823332.2095820915,164.835,inference_decode
1824372.2133500269,191.666,inference_decode
1825412.208091002,166.698,inference_decode
1826452.2109490356,192.006,inference_decode
1827492.202081019,191.563,inference_decode
1828532.2390079964,162.08,inference_decode
1829572.264002054,191.864,inference_idle
1830612.2031400448,164.306,inference_decode
1831652.201928082,191.785,inference_decode
1832692.202305072,191.553,inference_prefill
1833732.2403810688,162.027,inference_decode
1834772.244240041,192.377,inference_decode
1835812.2383730952,192.174,inference_decode
1836852.2374880267,165.106,inference_decode
1837892.2099430347,192.304,inference_decode
1838932.2242781052,162.875,inference_decode
1839972.2092780285,186.736,inference_decode
1841012.243381003,191.502,inference_decode
1842052.2393630815,163.206,inference_decode
1843092.2012710944,180.283,inference_decode
1844132.2389109991,191.905,inference_decode
1845172.202251037,167.233,inference_decode
1846212.275058031,175.412,inference_decode
1847252.2439670283,191.835,inference_decode
1848292.2135679985,175.057,inference_decode
1849332.269995008,182.625,inference_decode
1850372.237433097,191.811,inference_decode
1851412.2025220424,164.978,inference_decode
1852452.2379150148,191.671,inference_decode
1853492.2602630688,191.447,inference_idle
1854532.2374980897,164.166,inference_decode
1855572.2418701043,191.729,inference_decode
1856612.265324104,191.339,inference_idle
1857652.2096180124,164.415,inference_decode
1858692.2083190875,192.16,inference_decode
1859732.2499810248,191.974,inference_prefill
1860772.2404120725,137.263,inference_decode
1861812.2384340968,190.339,inference_decode
1862852.25303506,191.859,inference_idle
1863892.2402880853,167.127,inference_idle
1864932.2010290343,162.491,inference_decode
1865972.238097107,192.45,inference_decode
1867012.2211740816,192.24,inference_idle
1868052.2284629988,164.936,inference_decode
1869092.2435170503,191.934,inference_decode
1870132.2041520616,192.129,inference_idle
1871172.4702460924,164.397,inference_decode
1872212.201758055,166.651,inference_decode
1873252.2139430512,191.738,inference_idle
1874292.2402280385,164.918,inference_decode
1875332.240259042,192.115,inference_decode
1876372.211690992,168.749,inference_prefill
1877412.206561072,184.653,inference_decode
1878452.240628074,192.301,inference_decode
1879492.23846104,176.66,inference_decode
1880532.2034560377,181.363,inference_decode
1881572.221672046,191.596,inference_decode
1882612.242051051,180.507,inference_decode
1883652.2392560728,165.92,inference_decode
1884692.2476030889,192.789,inference_decode
1885732.308225008,187.057,inference_decode
1886772.2086440767,168.541,inference_decode
1887812.2336600209,165.81,inference_decode
1888852.2376390172,138.684,inference_decode
1889892.2024921048,171.107,inference_prefill
1890932.2413190969,172.632,inference_decode
1891972.210667096,192.645,inference_idle
1893012.200733065,167.076,inference_decode
1894052.221013,163.09,inference_decode
1895092.2081700992,192.753,inference_decode
1896132.2035409976,192.149,inference_idle
1897172.23877809,164.745,inference_decode
1898212.2372920855,192.147,inference_decode
1899252.210854087,192.711,inference_idle
1900292.200278025,165.399,inference_decode
1901332.2392150292,192.184,inference_decode
1902372.2020370187,176.402,inference_idle
1903412.2098600487,180.267,inference_decode
1904452.237138059,192.608,inference_decode
1905492.1922050416,181.428,inference_decode
1906532.237180043,164.896,inference_decode
1907572.2395380728,192.608,inference_decode
1908612.203240045,188.693,inference_decode
1909652.2369490704,139.079,inference_decode
1910692.209911067,182.258,inference_decode
1911732.210684102,192.429,inference_decode
1912772.237522062,170.313,inference_decode
1913812.210750999,189.827,inference_decode
1914852.2085139996,192.462,inference_decode
1915892.2376190312,164.797,inference_decode
1916932.2006490547,191.386,inference_decode
1917972.2085570684,192.285,inference_decode
1919012.2746260604,167.482,inference_decode
1920052.203171072,173.967,inference_decode
1921092.2010650395,169.836,inference_decode
1922132.23683706,192.085,inference_decode
1923172.2372950756,181.457,inference_decode
1924212.2162200976,138.216,inference_decode
1925252.2080329943,192.34,inference_decode
1926292.2079950804,192.288,inference_decode
1927332.2037480536,165.267,inference_decode
1928372.201380087,165.45,inference_decode
1929412.2413640143,192.121,inference_decode
1930452.235996025,192.309,inference_decode
1931492.2013130272,165.097,inference_decode
1932532.203125069,177.834,inference_decode
1933572.2086461028,191.366,inference_decode
1934612.2417380104,171.715,inference_decode
1935652.242967044,155.092,inference_decode
1936692.2099470396,168.259,inference_decode
1937732.237401069,176.243,inference_decode
1938772.2371320704,191.626,inference_decode
1939812.2387470207,164.254,inference_decode
1940852.2106721064,179.445,inference_idle
1941892.2087320825,165.407,inference_decode
1942932.2028510503,192.635,inference_decode
1943972.2314490937,192.156,inference_idle
1945012.209504028,162.428,inference_decode
1946052.2093460893,192.209,inference_decode
1947092.2105920035,192.232,inference_prefill
1948132.2047600988,164.413,inference_idle
1949172.2397980047,166.774,inference_decode
1950212.2719821052,192.46,inference_decode
1951252.3029081055,190.594,inference_decode
1952292.2135890692,164.032,inference_decode
1953332.272613072,192.181,inference_decode
1954372.2403640857,165.717,inference_decode
1955412.2008330887,161.8,inference_decode
1956452.237221063,192.485,inference_decode
1957492.2056290088,192.249,inference_idle
1958532.20012004,135.498,inference_decode
1959572.2369060384,192.971,inference_decode
1960612.2081120263,192.827,inference_decode
1961652.271817089,166.98,inference_decode
1962692.237413023,192.8,inference_decode
1963732.2643710067,192.792,inference_idle
1964772.2421160436,165.133,inference_decode
1965812.2043060136,192.028,inference_idle
1966852.2415769985,164.527,inference_decode
1967892.238561064,163.623,inference_decode
1968932.2388180296,192.307,inference_decode
1969972.202966106,192.591,inference_decode
1971012.210154091,164.188,inference_idle
1972052.2009030683,164.451,inference_decode
1973092.241122038,181.704,inference_decode
1974132.2443550453,120.849,inference_decode
1975172.2638260107,155.505,inference_idle
1976212.2023070697,167.233,inference_decode
1977252.2367170316,134.921,inference_decode
1978292.236929992,191.029,inference_decode
1979332.2117750067,170.186,inference_idle
1980372.206686996,167.794,inference_decode
1981412.204525084,164.873,inference_decode
1982452.2707141005,192.385,inference_idle
1983492.2078170348,163.134,inference_decode
1984532.210548059,192.53,inference_decode
1985572.216349072,192.211,inference_prefill
1986612.2134400064,162.853,inference_decode
1987652.3030870596,192.774,inference_decode
1988692.2019410413,192.802,inference_decode
1989732.2375440272,165.093,inference_decode
1990772.208543029,193.257,inference_decode
1991812.2010210063,193.063,inference_decode
1992852.24225407,165.384,inference_decode
1993892.243353068,167.81,inference_decode
1994932.2110920912,193.028,inference_decode
1995972.24546806,190.999,inference_idle
1997012.244147016,165.29,inference_decode
1998052.2374410648,193.244,inference_decode
1999092.260190053,192.865,inference_idle
2000132.2376660537,156.244,inference_decode
2001172.213307,175.059,inference_decode
2002212.2468270827,192.317,inference_decode
2003252.20124505,167.299,inference_decode
2004292.2004580032,188.16,inference_decode
2005332.2377880104,167.382,inference_decode
2006372.2095080884,192.636,inference_decode
2007412.239892059,141.927,inference_decode
2008452.2378800905,177.274,inference_decode
2009492.208490032,192.291,inference_decode
2010532.2399750585,176.479,inference_decode
2011572.2005340504,182.825,inference_decode
2012612.2148120776,192.118,inference_decode
2013652.2110980004,181.233,inference_idle
2014692.273762077,145.5,inference_decode
2015732.2265330004,192.772,inference_decode
2016772.2304000051,192.675,inference_idle
2017812.21094809,166.913,inference_decode
2018852.239280008,164.826,inference_decode
2019892.257004045,193.112,inference_idle
2020932.2384700645,162.927,inference_decode
2021972.208688036,193.458,inference_decode
2023012.2067090124,192.864,inference_idle
2024052.2043040253,166.158,inference_decode
2025092.237467063,192.51,inference_decode
2026132.265090011,192.576,inference_idle
2027172.2016080748,127.801,inference_decode
2028212.2004940172,166.47,inference_decode
2029252.2020631004,192.348,inference_decode
2030292.2371960008,191.464,inference_decode
2031332.200180041,165.575,inference_decode
2032372.2083120372,192.17,inference_decode
2033412.2004871024,163.944,inference_decode
2034452.2369650656,192.897,inference_decode
2035492.2370880377,192.227,inference_decode
2036532.2379840072,162.186,inference_decode
2037572.2112210933,192.069,inference_decode
2038612.218519091,192.08,inference_decode
2039652.2364440607,165.098,inference_decode
2040692.2395169968,192.931,inference_decode
2041732.2079840812,192.33,inference_decode
2042772.208998096,167.231,inference_decode
2043812.2371920615,167.579,inference_decode
2044852.2007170832,192.966,inference_decode
2045892.2453720588,192.852,inference_decode
2046932.2373690084,162.975,inference_decode
2047972.2082300575,192.928,inference_decode
2049012.2025930325,192.362,inference_decode
2050052.2428830157,164.311,inference_decode
2051092.209824012,167.673,inference_decode
2052132.237353013,151.307,inference_decode
2053172.2374330277,191.929,inference_decode
2054212.2373291056,192.133,inference_decode
2055252.215375076,148.512,inference_decode
2056292.2092020744,167.607,inference_decode
2057332.2410900143,191.998,inference_decode
2058372.2210590492,162.864,inference_decode
2059412.237598095,192.482,inference_decode
2060452.24327303,176.922,inference_idle
2061492.2368500847,152.578,inference_decode
2062532.207938028,191.698,inference_decode
2063572.210400016,192.114,inference_idle
2064612.2040960472,91.301,idle_post
2065652.2096639965,67.872,idle_post
2066692.2074650647,58.083,idle_post
2067732.2122870248,57.969,idle_post
2068772.21478906,57.729,idle_post
2069812.264607055,57.907,idle_post
2070852.27040702,57.888,idle_post
2071892.2040649925,57.687,idle_post
2072932.2655140425,57.799,idle_post
2073972.264067037,57.757,idle_post
2075012.253966066,57.736,idle_post
2076052.2125250427,57.932,idle_post
2077092.204615008,58.051,idle_post
2078132.264538086,57.988,idle_post
2079172.2576420289,57.699,idle_post
2080212.2081801065,57.703,idle_post
2081252.2113750456,57.72,idle_post
2082292.235839064,57.774,idle_post
2083332.2621460536,57.752,idle_post
2084372.2213330911,57.914,idle_post
2085412.2589100152,57.57,idle_post
2086452.262773062,57.627,idle_post
2087492.2557390528,57.711,idle_post
2088532.2091990383,57.493,idle_post
2089572.2047560848,57.544,idle_post
2090612.1971471,57.46,idle_post
2091652.2605119967,57.543,idle_post
2092692.263934994,57.62,idle_post
